ML Catalog Number,Format,Common Name,Scientific Name,Background Species,Caption,Recordist,Date,Year,Month,Day,Time,Country,Country-State-County,State,County,Locality,Latitude,Longitude,Age/Sex,Behaviors,Playback,Captive,Collected,Specimen ID,Home Archive Catalog Number,Recorder,Microphone,Accessory,Partner Institution,eBird Checklist ID,Unconfirmed,Air Temp(°C),Water Temp(°C),Media notes,Observation Details,Parent Species,eBird Species Code,Taxon Category,Taxonomic Sort,Recordist 2,Average Community Rating,Number of Ratings,Asset Tags,Original Image Height,Original Image Width
648595000,Audio,Eastern Phoebe,Sayornis phoebe,,,Bryan Sharp,12/16/25,2025,12,16,1325,United States,US-NC-159,North Carolina,Rowan,"Unnamed Road, Gold Hill, North Carolina, US (35,503, -80,297)",35.502963,-80.2971565,,,Unspecified,FALSE,FALSE,,,,,,,S288870498,,,,,,Sayornis phoebe,easpho,Species,17007,,0,0,,,
648135326,Audio,Eastern Phoebe,Sayornis phoebe,Catharus guttatus -- Hermit Thrush; Corthylio calendula -- Ruby-crowned Kinglet; Corvus brachyrhynchos -- American Crow; Setophaga pinus -- Pine Warbler; Regulus satrapa -- Golden-crowned Kinglet,,Joshua Emm,11/5/24,2024,11,5,831,United States,US-NC-017,North Carolina,Bladen,"Garland SE—Helltown Rd, Garland US-NC (34.7808,-78.4355)",34.780751,-78.435504,,Song,Not Used,,,,,iPhone 13 Pro Max,,,,S201511200,,,,,,Sayornis phoebe,easpho,Species,17007,,0,0,,,
645546038,Audio,Eastern Phoebe,Sayornis phoebe,,,Kate Koberle,11/20/25,2025,11,20,919,United States,US-NC-021,North Carolina,Buncombe,River Ridge Apartments,35.572489,-82.506091,,,Unspecified,FALSE,FALSE,,,,,,,S285307289,,,,,"2 in same area, one further off. All very vocal",Sayornis phoebe,easpho,Species,17007,,0,0,,,
645546037,Audio,Eastern Phoebe,Sayornis phoebe,,,Kate Koberle,11/20/25,2025,11,20,919,United States,US-NC-021,North Carolina,Buncombe,River Ridge Apartments,35.572489,-82.506091,,,Unspecified,FALSE,FALSE,,,,,,,S285307289,,,,,"2 in same area, one further off. All very vocal",Sayornis phoebe,easpho,Species,17007,,0,0,,,
644327763,Audio,Eastern Phoebe,Sayornis phoebe,Catharus guttatus -- Hermit Thrush; Corvus brachyrhynchos -- American Crow; Corthylio calendula -- Ruby-crowned Kinglet; Baeolophus bicolor -- Tufted Titmouse; Melospiza georgiana -- Swamp Sparrow; Setophaga coronata coronata -- Yellow-rumped Warbler (Myrtle),,Joshua Emm,12/17/24,2024,12,17,803,United States,US-NC-141,North Carolina,Pender,"Harrells SE—Indian Hill Rd, Ivanhoe US-NC (34.6277,-78.1364)",34.627678,-78.13638,Adult Male – 1,Song,Not Used,,,,,iPhone 13 Pro Max,,,,S205765961,,,,,,Sayornis phoebe,easpho,Species,17007,,0,0,,,
643715508,Audio,Eastern Phoebe,Sayornis phoebe,,,Jack Ryan,10/16/25,2025,10,16,0,United States,US-NC-119,North Carolina,Mecklenburg,Yard and Neighborhood,35.0964594,-80.757447,,,Unspecified,FALSE,FALSE,,,,,,,S280168837,,,,,,Sayornis phoebe,easpho,Species,17007,,0,0,,,
643347029,Audio,Eastern Phoebe,Sayornis phoebe,,,Mel Barnes,10/9/25,2025,10,9,927,United States,US-NC-087,North Carolina,Haywood,Home,35.5314903,-82.9094543,,,Not Used,,,,,,,,,S278155810,,,,,,Sayornis phoebe,easpho,Species,17007,,0,0,,,
641731706,Audio,Eastern Phoebe,Sayornis phoebe,,,Bryan Sharp,6/15/25,2025,6,15,728,United States,US-NC-199,North Carolina,Yancey,"Burnsville, Carolina do Norte, US (35,764, -82,194)",35.7640864,-82.1943258,,,Unspecified,FALSE,FALSE,,,,,,,S250542836,,,,,,Sayornis phoebe,easpho,Species,17007,,3,1,,,
641631561,Audio,Eastern Phoebe,Sayornis phoebe,,,sheryl mcnair,9/8/25,2025,9,8,730,United States,US-NC-189,North Carolina,Watauga,"15 Flannery Fork Rd, Blowing Rock US-NC 36.17013, -81.68619",36.170128,-81.686188,,,Unspecified,FALSE,FALSE,,,,,,,S272204671,,,,,,Sayornis phoebe,easpho,Species,17007,,2,1,,,
641347507,Audio,Eastern Phoebe,Sayornis phoebe,,,sheryl mcnair,9/2/25,2025,9,2,1134,United States,US-NC-189,North Carolina,Watauga,"15 Flannery Fork Rd, Blowing Rock US-NC 36.17013, -81.68619",36.170128,-81.686188,,,Unspecified,FALSE,FALSE,,,,,,,S271139558,,,,,,Sayornis phoebe,easpho,Species,17007,,1,1,,,
641321019,Audio,Eastern Phoebe,Sayornis phoebe,,,LynnErla Beegle,9/3/25,2025,9,3,751,United States,US-NC-183,North Carolina,Wake,Lake Lynn,35.8820127,-78.7001324,Unknown – 2,Duet; Song,Not Used,,,,,PowerShot SX620 HS,,,,S271240961,,,,"Two EAPH duetting, or competing, or conversing. Recorded at 7:51",,Sayornis phoebe,easpho,Species,17007,,3,1,,,
639335406,Audio,Eastern Phoebe,Sayornis phoebe,,,sheryl mcnair,7/18/25,2025,7,18,1019,United States,US-NC-189,North Carolina,Watauga,"15 Flannery Fork Rd, Blowing Rock US-NC 36.17013, -81.68619",36.170128,-81.686188,,,Unspecified,FALSE,FALSE,,,,,,,S260866102,,,,,Immature,Sayornis phoebe,easpho,Species,17007,,3,1,,,
637658304,Audio,Eastern Phoebe,Sayornis phoebe,Corvus brachyrhynchos -- American Crow; Thryothorus ludovicianus -- Carolina Wren; Cardinalis cardinalis -- Northern Cardinal; Setophaga dominica -- Yellow-throated Warbler; Zenaida macroura -- Mourning Dove; Protonotaria citrea -- Prothonotary Warbler,,Martin Wall,6/11/25,2025,6,11,521,United States,US-NC-051,North Carolina,Cumberland,"Wade SE - 4600–4618 Lonnie Matthews Rd, Wade US-NC (35.1266,-78.6453)",35.126628,-78.645268,,Song,Not Used,,,,,iPhone 15,,,,S249263621,,,,,,Sayornis phoebe,easpho,Species,17007,,0,0,,,
636493615,Audio,Eastern Phoebe,Sayornis phoebe,,,Ralph Erickson,5/23/25,2025,5,23,1025,United States,US-NC-079,North Carolina,Greene,Scout Park,35.4564468,-77.6704726,,,Unspecified,FALSE,FALSE,,,,,,,S241717376,,,,,,Sayornis phoebe,easpho,Species,17007,,4,1,,,
636493526,Audio,Eastern Phoebe,Sayornis phoebe,,,Ralph Erickson,5/23/25,2025,5,23,1025,United States,US-NC-079,North Carolina,Greene,Scout Park,35.4564468,-77.6704726,,,Unspecified,FALSE,FALSE,,,,,,,S241717376,,,,,,Sayornis phoebe,easpho,Species,17007,,0,0,,,
634668152,Audio,Eastern Phoebe,Sayornis phoebe,,,Paul Beerman,4/28/25,2025,4,28,558,United States,US-NC-067,North Carolina,Forsyth,"5065 Williams Rd, Lewisville US-NC 36.08328, -80.50807",36.083277,-80.508068,,,Unspecified,FALSE,FALSE,,,,,,,S230397695,,,,,,Sayornis phoebe,easpho,Species,17007,,4,1,,,
632567619,Audio,Eastern Phoebe,Sayornis phoebe,,,Steve Scordino,3/20/25,2025,3,20,943,United States,US-NC-135,North Carolina,Orange,Brumley Nature Preserve--North,36.03391,-79.041909,,,Unspecified,FALSE,FALSE,,,,,,,S219600156,,,,,,Sayornis phoebe,easpho,Species,17007,,0,0,,,
632371372,Audio,Eastern Phoebe,Sayornis phoebe,,,Alicia Williams,3/19/25,2025,3,19,945,United States,US-NC-081,North Carolina,Guilford,Keeley Park,36.1118775,-79.7124,,,Unspecified,FALSE,FALSE,,,,,,,S219505596,,,,,,Sayornis phoebe,easpho,Species,17007,,0,0,,,
627552902,Audio,Eastern Phoebe,Sayornis phoebe,,,Karen 🦉 Szafrajda,11/29/24,2024,11,29,834,United States,US-NC-085,North Carolina,Harnett,Home To Trail Back,35.2883587,-79.0287493,,,Unspecified,FALSE,FALSE,,,,,,,S203956267,,,,,,Sayornis phoebe,easpho,Species,17007,,4,2,,,
627399138,Audio,Eastern Phoebe,Sayornis phoebe,,,sheryl mcnair,12/9/24,2024,12,9,732,United States,US-NC-137,North Carolina,Pamlico,Bent Tree Rd,35.051608,-76.677469,,,Unspecified,FALSE,FALSE,,,,,,,S204923721,,,,,,Sayornis phoebe,easpho,Species,17007,,3,2,,,
627398857,Audio,Eastern Phoebe,Sayornis phoebe,,,sheryl mcnair,12/9/24,2024,12,9,1015,United States,US-NC-137,North Carolina,Pamlico,Bent Tree/Straight/White Farm,35.0534323,-76.6839802,,,Unspecified,FALSE,FALSE,,,,,,,S204936082,,,,,,Sayornis phoebe,easpho,Species,17007,,2.5,2,,,
627398738,Audio,Eastern Phoebe,Sayornis phoebe,,,sheryl mcnair,12/9/24,2024,12,9,1015,United States,US-NC-137,North Carolina,Pamlico,Bent Tree/Straight/White Farm,35.0534323,-76.6839802,,,Unspecified,FALSE,FALSE,,,,,,,S204936082,,,,,,Sayornis phoebe,easpho,Species,17007,,5,2,,,
627398318,Audio,Eastern Phoebe,Sayornis phoebe,,,sheryl mcnair,12/10/24,2024,12,10,742,United States,US-NC-137,North Carolina,Pamlico,Bent Tree Rd,35.051608,-76.677469,,,Unspecified,FALSE,FALSE,,,,,,,S205034217,,,,crows in background,,Sayornis phoebe,easpho,Species,17007,,4.5,2,,,
627397266,Audio,Eastern Phoebe,Sayornis phoebe,,,sheryl mcnair,12/10/24,2024,12,10,1008,United States,US-NC-137,North Carolina,Pamlico,Bent Tree/Straight/White Farm,35.0534323,-76.6839802,,,Unspecified,FALSE,FALSE,,,,,,,S205014310,,,,crows in background,,Sayornis phoebe,easpho,Species,17007,,3.5,2,,,
627364658,Audio,Eastern Phoebe,Sayornis phoebe,,,sheryl mcnair,12/7/24,2024,12,7,1424,United States,US-NC-137,North Carolina,Pamlico,Bent Tree/Straight/White Farm,35.0534323,-76.6839802,,,Unspecified,FALSE,FALSE,,,,,,,S204732789,,,,,,Sayornis phoebe,easpho,Species,17007,,2,2,,,
627259618,Audio,Eastern Phoebe,Sayornis phoebe,,,sheryl mcnair,12/8/24,2024,12,8,818,United States,US-NC-137,North Carolina,Pamlico,Bent Tree Rd,35.051608,-76.677469,,,Unspecified,FALSE,FALSE,,,,,,,S204813696,,,,,,Sayornis phoebe,easpho,Species,17007,,3,2,,,
625195033,Audio,Eastern Phoebe,Sayornis phoebe,,,Paul Doshkov,10/20/24,2024,10,20,650,United States,US-NC-055,North Carolina,Dare,TNC 2023,35.99265,-75.66456,,,Unspecified,FALSE,FALSE,,,,,,,S199586477,,,,,,Sayornis phoebe,easpho,Species,17007,,2.5,2,,,
624770930,Audio,Eastern Phoebe,Sayornis phoebe,,,Shayla Lackey,10/10/24,2024,10,10,1253,United States,US-NC-159,North Carolina,Rowan,Catawba College Campus,35.6908289,-80.4845173,,,Unspecified,FALSE,FALSE,,,,,,,S198237328,,,,,,Sayornis phoebe,easpho,Species,17007,,3,2,,,
624301888,Audio,Eastern Phoebe,Sayornis phoebe,,,Joe Poston,9/29/24,2024,9,29,727,United States,US-NC-159,North Carolina,Rowan,Catawba College Campus,35.6908289,-80.4845173,,,Unspecified,FALSE,FALSE,,,,,,,S196868736,,,,,,Sayornis phoebe,easpho,Species,17007,,3,2,,,
624146790,Audio,Eastern Phoebe,Sayornis phoebe,,,Mark Montazer,9/24/24,2024,9,24,1530,United States,US-NC-037,North Carolina,Chatham,SDR North & Beaver Pond (Private),35.7543493,-79.2078762,,,Unspecified,FALSE,FALSE,,,,,,,S196408583,,,,,,Sayornis phoebe,easpho,Species,17007,,5,2,,,
623943170,Audio,Eastern Phoebe,Sayornis phoebe,,,LynnErla Beegle,9/20/24,2024,9,20,800,United States,US-NC-183,North Carolina,Wake,Lake Lynn,35.8820127,-78.7001324,Unknown – 1,Call; Song,Unspecified,,,,,Canon PowerShot SX620HS,,,,S195779325,,,,"The song, heard once, is followed by a strange call series. The bird made these odd calls several times, but talking pedestrians made it difficult to get a longer recording. Lots of background noise from insects, too. ",,Sayornis phoebe,easpho,Species,17007,,2.5,2,,,
623782380,Audio,Eastern Phoebe,Sayornis phoebe,,,Anonymous,9/15/24,2024,9,15,1349,United States,US-NC-089,North Carolina,Henderson,Jackson Park,35.3217702,-82.4483866,,,Unspecified,FALSE,FALSE,,,,,,,S195269713,,,,,,Sayornis phoebe,easpho,Species,17007,,4,3,,,
623712514,Audio,Eastern Phoebe,Sayornis phoebe,,,sheryl mcnair,9/13/24,2024,9,13,758,United States,US-NC-189,North Carolina,Watauga,"15 Flannery Fork Rd, Blowing Rock US-NC 36.17013, -81.68619",36.170128,-81.686188,,,Unspecified,FALSE,FALSE,,,,,,,S194933015,,,,,,Sayornis phoebe,easpho,Species,17007,,1,2,,,
623640593,Audio,Eastern Phoebe,Sayornis phoebe,Corvus brachyrhynchos -- American Crow,,LynnErla Beegle,9/12/24,2024,9,12,745,United States,US-NC-183,North Carolina,Wake,Lake Lynn,35.8820127,-78.7001324,Unknown – 1,Call,Unspecified,,,,,Canon PowerShot SX620HS,,,,S194824902,,,,"This rather odd call from an Eastern Phoebe might be from a young bird, as an adult EAPH was foraging nearby. Annoying airplane noise could not be avoided. ",,Sayornis phoebe,easpho,Species,17007,,2.5,2,,,
620883606,Audio,Eastern Phoebe,Sayornis phoebe,,,David Walters,6/26/24,2024,6,26,1311,United States,US-NC-081,North Carolina,Guilford,Lake Daniel Park,36.0796648,-79.807654,,,Unspecified,FALSE,FALSE,,,,,,,S183894117,,,,,,Sayornis phoebe,easpho,Species,17007,,4.5,2,,,
619772980,Audio,Eastern Phoebe,Sayornis phoebe,,,Bill Tollefson,5/21/24,2024,5,21,942,United States,US-NC-183,North Carolina,Wake,Crabtree Creek Wetland--West of Raleigh Blvd.,35.8068028,-78.6070436,Adult – 1,Song,Not Used,,,,,,,,,S176157806,,,,,,Sayornis phoebe,easpho,Species,17007,,4.5,2,,,
619739789,Audio,Eastern Phoebe,Sayornis phoebe,,,Christine Stoughton Root,5/28/24,2024,5,28,643,United States,US-NC-013,North Carolina,Beaufort,"2597–2691 Taylor Rd, Chocowinity US-NC 35.51708, -77.13951",35.517079,-77.139513,,,Unspecified,FALSE,FALSE,,,,,,,S177822899,,,,,,Sayornis phoebe,easpho,Species,17007,,3,2,,,
619416454,Audio,Eastern Phoebe,Sayornis phoebe,,,Mark Montazer,5/21/24,2024,5,21,1600,United States,US-NC-037,North Carolina,Chatham,SDR North & Beaver Pond (Private),35.7543493,-79.2078762,,,Unspecified,FALSE,FALSE,,,,,,,S176253377,,,,,,Sayornis phoebe,easpho,Species,17007,,4.5,2,,,
618678846,Audio,Eastern Phoebe,Sayornis phoebe,,,Robert Russo,4/26/24,2024,4,26,1100,United States,US-NC-003,North Carolina,Alexander,Rocky Face Mountain Recreational Area,35.9636786,-81.1192581,,,Unspecified,FALSE,FALSE,,,,,,,S172873485,,,,,,Sayornis phoebe,easpho,Species,17007,,2,2,,,
616589513,Audio,Eastern Phoebe,Sayornis phoebe,,,John Frazier,3/28/24,2024,3,28,913,United States,US-NC-011,North Carolina,Avery,Land Harbor Lake,36.0385315,-81.8921113,,,Unspecified,FALSE,FALSE,,,,,,,S166244057,,,,,,Sayornis phoebe,easpho,Species,17007,,2,1,,,
616029863,Audio,Eastern Phoebe,Sayornis phoebe,,,John Frazier,3/14/24,2024,3,14,841,United States,US-NC-011,North Carolina,Avery,Land Harbor Lake,36.0385315,-81.8921113,,,Unspecified,FALSE,FALSE,,,,,,,S164793061,,,,,,Sayornis phoebe,easpho,Species,17007,,1,1,,,
615862133,Audio,Eastern Phoebe,Sayornis phoebe,Branta canadensis -- Canada Goose; Haemorhous mexicanus -- House Finch; Melospiza melodia -- Song Sparrow,,Michael Plauché,3/10/24,2024,3,10,856,United States,US-NC-175,North Carolina,Transylvania,Ecusta Pond (private),35.2580992,-82.6941479,,,Unspecified,FALSE,FALSE,,,,,,,S164300430,,,,,,Sayornis phoebe,easpho,Species,17007,,3.5,2,,,
615839637,Audio,Eastern Phoebe,Sayornis phoebe,,,Kate W,2/24/24,2024,2,24,1217,United States,US-NC-119,North Carolina,Mecklenburg,Cameron Wood area,35.103255,-80.854619,,,Unspecified,FALSE,FALSE,,,,,,,S164254899,,,,,ID by sight and sound,Sayornis phoebe,easpho,Species,17007,,2,1,,,
615554928,Audio,Eastern Phoebe,Sayornis phoebe,,,Jeffrey Blalock,3/2/24,2024,3,2,805,United States,US-NC-033,North Carolina,Caswell,R. Wayne Bailey Caswell Game Land,36.4529587,-79.2067972,,,Unspecified,FALSE,FALSE,,,,,,,S163432211,,,,,,Sayornis phoebe,easpho,Species,17007,,3,1,,,
615532317,Audio,Eastern Phoebe,Sayornis phoebe,,,Alicia Williams,3/2/24,2024,3,2,630,United States,US-NC-081,North Carolina,Guilford,The Coop,36.2034826,-79.8772222,,,Unspecified,FALSE,FALSE,,,,,,,S163411141,,,,,,Sayornis phoebe,easpho,Species,17007,,1,1,,,
613610689,Audio,Eastern Phoebe,Sayornis phoebe,,,Mark Montazer,1/16/24,2024,1,16,808,United States,US-NC-037,North Carolina,Chatham,SDR North & Beaver Pond (Private),35.7543493,-79.2078762,,,Unspecified,FALSE,FALSE,,,,,,,S159074673,,,,,,Sayornis phoebe,easpho,Species,17007,,1.5,2,,,
611986229,Audio,Eastern Phoebe,Sayornis phoebe,,,sheryl mcnair,12/7/23,2023,12,7,1002,United States,US-NC-137,North Carolina,Pamlico,Bent Tree/Straight/White Farm,35.0534323,-76.6839802,,,Unspecified,FALSE,FALSE,,,,,,,S155897323,,,,,,Sayornis phoebe,easpho,Species,17007,,2,2,,,
611660878,Audio,Eastern Phoebe,Sayornis phoebe,,,Bird Smith,9/30/23,2023,9,30,903,United States,US-NC-099,North Carolina,Jackson,Hilltop Fields Lake Toxaway,35.149003,-82.982693,,,Unspecified,FALSE,FALSE,,,,,,,S151148195,,,,,,Sayornis phoebe,easpho,Species,17007,,2.5,2,,,
611512702,Audio,Eastern Phoebe,Sayornis phoebe,,,Bird Smith,10/10/23,2023,10,10,808,United States,US-NC-175,North Carolina,Transylvania,Brevard Airport Trails,35.222516,-82.728552,,,Unspecified,FALSE,FALSE,,,,,,,S151997757,,,,,,Sayornis phoebe,easpho,Species,17007,,3.5,2,,,
611460471,Audio,Eastern Phoebe,Sayornis phoebe,,,Bird Smith,9/4/23,2023,9,4,859,United States,US-NC-175,North Carolina,Transylvania,Gorges SP,35.0972291,-82.9454041,,,Unspecified,FALSE,FALSE,,,,,,,S148986556,,,,,,Sayornis phoebe,easpho,Species,17007,,1.5,2,,,
611460390,Audio,Eastern Phoebe,Sayornis phoebe,,,Bird Smith,9/4/23,2023,9,4,859,United States,US-NC-175,North Carolina,Transylvania,Gorges SP,35.0972291,-82.9454041,,,Unspecified,FALSE,FALSE,,,,,,,S148986556,,,,,,Sayornis phoebe,easpho,Species,17007,,2.5,2,,,
611329216,Audio,Eastern Phoebe,Sayornis phoebe,,,kenneth lipshy,11/12/23,2023,11,12,1620,United States,US-NC-159,North Carolina,Rowan,"Oddie Farms Sunflower Fields area: Oddie, Stokes Ferry and fish pond Roads",35.6170138,-80.3955737,,,Unspecified,FALSE,FALSE,,,,,,,S154331948,,,,,,Sayornis phoebe,easpho,Species,17007,,4,2,,,
611051005,Audio,Eastern Phoebe,Sayornis phoebe,,,kenneth lipshy,11/12/23,2023,11,12,819,United States,US-NC-159,North Carolina,Rowan,"Oddie Farms Sunflower Fields area: Oddie, Stokes Ferry and fish pond Roads",35.6170138,-80.3955737,,,Unspecified,FALSE,FALSE,,,,,,,S154288941,,,,,,Sayornis phoebe,easpho,Species,17007,,2.5,2,,,
611051006,Audio,Eastern Phoebe,Sayornis phoebe,,,kenneth lipshy,11/12/23,2023,11,12,819,United States,US-NC-159,North Carolina,Rowan,"Oddie Farms Sunflower Fields area: Oddie, Stokes Ferry and fish pond Roads",35.6170138,-80.3955737,,,Unspecified,FALSE,FALSE,,,,,,,S154288941,,,,,,Sayornis phoebe,easpho,Species,17007,,3,2,,,
610326681,Audio,Eastern Phoebe,Sayornis phoebe,,,Greg Hudson,10/23/23,2023,10,23,900,United States,US-NC-119,North Carolina,Mecklenburg,Six Mile Creek Greenway,35.0111936,-80.829742,Adult Male – 1,Song,Unspecified,,,,,,,,,S152979255,,,,About 20 feet away on tree branch.,,Sayornis phoebe,easpho,Species,17007,,5,2,,,
610132127,Audio,Eastern Phoebe,Sayornis phoebe,Cardinalis cardinalis -- Northern Cardinal; Melanerpes carolinus -- Red-bellied Woodpecker,,LynnErla Beegle,10/16/23,2023,10,16,715,United States,US-NC-183,North Carolina,Wake,Lake Lynn,35.8820127,-78.7001324,Adult – 1,Song,Not Used,,,,,Canon PowerShot SX620 HS,,,,S152379831,,,,"13 songs, close by. another EAPH answers in the distance and there are calls by NOCA and RBWO. ",Several singing,Sayornis phoebe,easpho,Species,17007,,3.5,2,,,
590300061,Audio,Eastern Phoebe,Sayornis phoebe,Hylocichla mustelina -- Wood Thrush,,Rob Bierregaard,6/11/23,2023,6,11,831,United States,US-NC-099,North Carolina,Jackson,Holly Berry Lake,35.066553,-83.119691,Adult – 1,Call,Not Used,,,,,Tascam HD-P2,Wildtronics WTPMM,parabola,,S141356236,,,,,,Sayornis phoebe,easpho,Species,17007,,3.33,3,,,
585656821,Audio,Eastern Phoebe,Sayornis phoebe,,,Alex Trifunovic,3/28/23,2023,3,28,822,United States,US-NC-011,North Carolina,Avery,LMC--Athletic Complex,36.1551881,-81.869526,,,Unspecified,FALSE,FALSE,,,,,,,S132040868,,,,,,Sayornis phoebe,easpho,Species,17007,,3.33,3,,,
584921701,Audio,Eastern Phoebe,Sayornis phoebe,Dryobates pubescens -- Downy Woodpecker,,LynnErla Beegle,6/13/23,2023,6,13,636,United States,US-NC-183,North Carolina,Wake,Shelley Lake,35.8597352,-78.6626673,Adult – 1,Song,Not Used,,,,,"Canon SX620 HS plus OcenAudio, -3 dB Normalization",,,,S141423650,,,,,,Sayornis phoebe,easpho,Species,17007,,3.33,3,,,
576824871,Audio,Eastern Phoebe,Sayornis phoebe,Cardinalis cardinalis -- Northern Cardinal; Melospiza melodia -- Song Sparrow; Baeolophus bicolor -- Tufted Titmouse,,Margaret Viens,5/20/23,2023,5,20,650,United States,US-NC-063,North Carolina,Durham,"Hyattplace, NC-751, Durham",35.900678,-78.961058,Adult – 1,Song,Not Used,,,,,iPhone 13,none,none,,S138479346,,,,,,Sayornis phoebe,easpho,Species,17007,,2,2,,,
571473281,Audio,Eastern Phoebe,Sayornis phoebe,,,Robin Toler,5/13/23,2023,5,13,737,United States,US-NC-081,North Carolina,Guilford,Summerfield Community Park,36.1988412,-79.9082422,,,Unspecified,FALSE,FALSE,,,,,,,S137557038,,,,,,Sayornis phoebe,easpho,Species,17007,,3.33,3,,,
570524131,Audio,Eastern Phoebe,Sayornis phoebe,,,Claudia Nielson,5/11/23,2023,5,11,648,United States,US-NC-067,North Carolina,Forsyth,Miller Park,36.0862513,-80.2836013,,,Unspecified,FALSE,FALSE,,,,,,,S137026848,,,,,,Sayornis phoebe,easpho,Species,17007,,3.33,3,,,
561586791,Audio,Eastern Phoebe,Sayornis phoebe,,,Robert Russo,3/1/23,2023,3,1,820,United States,US-NC-027,North Carolina,Caldwell,Willow Oaks Neighborhood,35.8031329,-81.4229071,,,Unspecified,FALSE,FALSE,,,,,,,S134708763,,,,,,Sayornis phoebe,easpho,Species,17007,,3,2,,,
557332941,Audio,Eastern Phoebe,Sayornis phoebe,,,Jeffrey Blalock,4/13/23,2023,4,13,1355,United States,US-NC-145,North Carolina,Person,Mayo Park,36.4806217,-78.8762999,,,Unspecified,FALSE,FALSE,,,,,,,S133624786,,,,,,Sayornis phoebe,easpho,Species,17007,,4,3,,,
557332931,Audio,Eastern Phoebe,Sayornis phoebe,,,Jeffrey Blalock,4/13/23,2023,4,13,1355,United States,US-NC-145,North Carolina,Person,Mayo Park,36.4806217,-78.8762999,,,Unspecified,FALSE,FALSE,,,,,,,S133624786,,,,,,Sayornis phoebe,easpho,Species,17007,,4,3,,,
556508881,Audio,Eastern Phoebe,Sayornis phoebe,,,Kent Fiala,4/11/23,2023,4,11,859,United States,US-NC-037,North Carolina,Chatham,Old Bynum Bridge,35.77304,-79.1435458,,Song,Not Used,,,,,Tascam DR-100MkIII ,Wildtronics Amplified Pro Mono Parabolic Microphone,,,S133416631,,,,,,Sayornis phoebe,easpho,Species,17007,,5,2,,,
556508781,Audio,Eastern Phoebe,Sayornis phoebe,,,Kent Fiala,4/11/23,2023,4,11,859,United States,US-NC-037,North Carolina,Chatham,Old Bynum Bridge,35.77304,-79.1435458,,Song,Not Used,,,,,Tascam DR-100MkIII ,Wildtronics Amplified Pro Mono Parabolic Microphone,,,S133416631,,,,,,Sayornis phoebe,easpho,Species,17007,,3,2,,,
551047261,Audio,Eastern Phoebe,Sayornis phoebe,,,Kent Fiala,3/29/23,2023,3,29,835,United States,US-NC-135,North Carolina,Orange,Brumley Nature Preserve--North,36.03391,-79.041909,,Song,Not Used,,,,,Tascam DR-100MkIII ,Sennheiser ME67/K6,,,S132129413,,,,Audacity noise reduction used,,Sayornis phoebe,easpho,Species,17007,,3.5,2,,,
549042681,Audio,Eastern Phoebe,Sayornis phoebe,Cardinalis cardinalis -- Northern Cardinal,,Kent Fiala,3/24/23,2023,3,24,933,United States,US-NC-135,North Carolina,Orange,Brumley Nature Preserve--North,36.03391,-79.041909,,Song,Not Used,,,,,Tascam DR-100MkIII ,Sennheiser ME67/K6,,,S131683057,,,,,,Sayornis phoebe,easpho,Species,17007,,3.5,2,,,
548506351,Audio,Eastern Phoebe,Sayornis phoebe,,,"""Chia"" Cory Chiappone ⚡️",3/18/23,2023,3,18,1033,United States,US-NC-173,North Carolina,Swain,Great Smoky Mountains NP--Oconaluftee,35.5148322,-83.3026743,,,Not Used,,,,,Samsung Galaxy S21 Ultra cellphone,,,,S131572604,,,,,,Sayornis phoebe,easpho,Species,17007,,3.5,2,,,
548165391,Audio,Eastern Phoebe,Sayornis phoebe,,,Trenton Voytko,3/21/23,2023,3,21,835,United States,US-NC-183,North Carolina,Wake,Bond Park,35.7824841,-78.8250375,,,Unspecified,FALSE,FALSE,,,,,,,S131449864,,,,,,Sayornis phoebe,easpho,Species,17007,,3,2,,,
546129811,Audio,Eastern Phoebe,Sayornis phoebe,,,Jim McDaniel,3/16/23,2023,3,16,936,United States,US-NC-189,North Carolina,Watauga,Moses H. Cone Memorial Park--Bass Lake,36.1404394,-81.6820621,,,Unspecified,FALSE,FALSE,,,,,,,S131031176,,,,,,Sayornis phoebe,easpho,Species,17007,,2.5,2,,,
540877671,Audio,Eastern Phoebe,Sayornis phoebe,,,Denise Hargrove,3/1/23,2023,3,1,815,United States,US-NC-021,North Carolina,Buncombe,*25 Jazaka Ridge Ln,35.6209483,-82.4279147,,,Unspecified,FALSE,FALSE,,,,,,,S129936805,,,,,,Sayornis phoebe,easpho,Species,17007,,3,2,,,
538791051,Audio,Eastern Phoebe,Sayornis phoebe,Setophaga pinus -- Pine Warbler,,Guy McGrane,2/23/23,2023,2,23,815,United States,US-NC-193,North Carolina,Wilkes,Doc Pruitt Homeplace,36.3154709,-81.2400341,,,Unspecified,FALSE,FALSE,,,,,,,S129473246,,,,"Excellent recording of a singing phoebe, with a second phoebe chipping a little further off, Note the very obvious switching off between phee-bee and phee-bligg, a pattern that never varies in this recording.",,Sayornis phoebe,easpho,Species,17007,,4.67,3,,,
538791041,Audio,Eastern Phoebe,Sayornis phoebe,Poecile carolinensis -- Carolina Chickadee; Baeolophus bicolor -- Tufted Titmouse; Spinus tristis -- American Goldfinch,,Guy McGrane,2/23/23,2023,2,23,815,United States,US-NC-193,North Carolina,Wilkes,Doc Pruitt Homeplace,36.3154709,-81.2400341,,,Unspecified,FALSE,FALSE,,,,,,,S129473246,,,,,,Sayornis phoebe,easpho,Species,17007,,2,2,,,
537601911,Audio,Eastern Phoebe,Sayornis phoebe,,,William Everhart,2/20/23,2023,2,20,1510,United States,US-NC-035,North Carolina,Catawba,near-by lot,35.5721876,-81.017443,,,Unspecified,FALSE,FALSE,,,,,,,S128623465,,,,,,Sayornis phoebe,easpho,Species,17007,,2,2,,,
537570701,Audio,Eastern Phoebe,Sayornis phoebe,,,Karen Lebing,2/20/23,2023,2,20,913,United States,US-NC-055,North Carolina,Dare,"Sawyer Lake Rd, Manns Harbor US-NC 35.85270, -75.87983",35.852697,-75.879832,Adult – 1,Foraging or Eating; Song,Unspecified,,,,,iPhone,,,,S129114064,,,,,,Sayornis phoebe,easpho,Species,17007,,2.5,2,,,
533712701,Audio,Eastern Phoebe,Sayornis phoebe,,,Paul Sumner,2/10/23,2023,2,10,1413,United States,US-NC-081,North Carolina,Guilford,Haw River SP--Iron Ore Belt Access,36.2334535,-79.7771396,,,Unspecified,FALSE,FALSE,,,,,,,S128024112,,,,,,Sayornis phoebe,easpho,Species,17007,,3.67,3,,,
528321331,Audio,Eastern Phoebe,Sayornis phoebe,,,Karen Lebing,1/25/23,2023,1,25,804,United States,US-NC-055,North Carolina,Dare,"ARNWR, Long Curve, US-NC (35.8318,-75.8581)",35.831835,-75.858074,,Call,Unspecified,,,,,iPhone,,,,S126898431,,,,,,Sayornis phoebe,easpho,Species,17007,,3.33,3,,,
523043061,Audio,Eastern Phoebe,Sayornis phoebe,,,Herb Elliott,1/11/23,2023,1,11,1148,United States,US-NC-021,North Carolina,Buncombe,Blue Ridge Parkway--Visitor Center,35.5656007,-82.4865717,,,Unspecified,FALSE,FALSE,,,,,,,S125938639,,,,,,Sayornis phoebe,easpho,Species,17007,,4.33,3,,,
514138271,Audio,Eastern Phoebe,Sayornis phoebe,,,sheryl mcnair,12/4/22,2022,12,4,937,United States,US-NC-137,North Carolina,Pamlico,Bent Tree/Straight/White Farm,35.0534323,-76.6839802,,,Unspecified,FALSE,FALSE,,,,,,,S123439972,,,,,,Sayornis phoebe,easpho,Species,17007,,2,3,,,
513829371,Audio,Eastern Phoebe,Sayornis phoebe,,,Seth Buddy,12/17/22,2022,12,17,818,United States,US-NC-021,North Carolina,Buncombe,"Pisgah National Forest, Candler US-NC 35.51883, -82.64665",35.51883,-82.646646,,Call,Not Used,,,,,Tascam DR-100MKIII,Wildtronics Pro Mono,"Wildtronics 22"" parabola; windscreen",,S124093400,,,,EAPH flying from shrub to sapling to tree top.  Tail flicking.,,Sayornis phoebe,easpho,Species,17007,,3.5,2,,,
509220781,Audio,Eastern Phoebe,Sayornis phoebe,,,sheryl mcnair,12/1/22,2022,12,1,1025,United States,US-NC-137,North Carolina,Pamlico,Bent Tree/Straight/White Farm,35.0534323,-76.6839802,,,Unspecified,FALSE,FALSE,,,,,,,S123297812,,,,Phoebe chips interspersed with Hermit Thrush chips,,Sayornis phoebe,easpho,Species,17007,,3,2,,,
498388671,Audio,Eastern Phoebe,Sayornis phoebe,Quiscalus quiscula -- Common Grackle; Turdus migratorius -- American Robin; Corvus brachyrhynchos -- American Crow,,LynnErla Beegle,10/24/22,2022,10,24,812,United States,US-NC-183,North Carolina,Wake,Lake Lynn,35.8820127,-78.7001324,Adult – 1,Song,Not Used,,,,,"Canon SX620 HS plus OcenAudio, -3 dB Normalization",,,,S121234247,,,,"Vocal bird, several other species in background, singing at 8:50 EDT",,Sayornis phoebe,easpho,Species,17007,,3.33,3,,,
486388851,Audio,Eastern Phoebe,Sayornis phoebe,,,Trenton Voytko,9/21/22,2022,9,21,745,United States,US-NC-183,North Carolina,Wake,Lake Lynn,35.8820127,-78.7001324,,,Unspecified,FALSE,FALSE,,,,,,,S119142128,,,,,,Sayornis phoebe,easpho,Species,17007,,3.5,2,,,
446111311,Audio,Eastern Phoebe,Sayornis phoebe,,,Sunil Thirkannad,5/5/22,2022,5,5,841,United States,US-NC-063,North Carolina,Durham,Sandy Creek Park,35.9681599,-78.9675164,,,Unspecified,FALSE,FALSE,,,,,,,S109030773,,,,,,Sayornis phoebe,easpho,Species,17007,,3.5,2,,,
445182021,Audio,Eastern Phoebe,Sayornis phoebe,,,Jared Crump,5/7/22,2022,5,7,615,United States,US-NC-183,North Carolina,Wake,Mid Pines Rd.,35.7250538,-78.6936951,,,Unspecified,FALSE,FALSE,,,,,,,S109186355,,,,,,Sayornis phoebe,easpho,Species,17007,,1,2,,,
441529441,Audio,Eastern Phoebe,Sayornis phoebe,,,Mark DiGiovanni,4/29/22,2022,4,29,615,United States,US-NC-183,North Carolina,Wake,White Oak Creek Greenway--West Side,35.7772094,-78.9002037,,,Unspecified,FALSE,FALSE,,,,,,,S108356439,,,,,,Sayornis phoebe,easpho,Species,17007,,2.5,2,,,
426900521,Audio,Eastern Phoebe,Sayornis phoebe,,,Dale Lambert,3/19/22,2022,3,19,656,United States,US-NC-183,North Carolina,Wake,"Loch Lomond, Lochmere, Cary",35.7325585,-78.7743474,,,Unspecified,FALSE,FALSE,,,,,,,S105125215,,,,,,Sayornis phoebe,easpho,Species,17007,,3,2,,,
426881261,Audio,Eastern Phoebe,Sayornis phoebe,,,Keith Viglietta,3/19/22,2022,3,19,845,United States,US-NC-149,North Carolina,Polk,Green River Game Land--Walcott Tract,35.2736052,-82.3030853,,,Unspecified,FALSE,FALSE,,,,,,,S105154561,,,,,"Phoebe flitting about in the open near the Green River Cove bridge, landing on branches and poles low to the ground repeating the single note display song while another phoebe was following it around.",Sayornis phoebe,easpho,Species,17007,,2.5,2,,,
425536591,Audio,Eastern Phoebe,Sayornis phoebe,,,Caleb Bronsink,3/15/22,2022,3,15,1224,United States,US-NC-049,North Carolina,Craven,New Bern Battlefield Park,35.0477225,-77.0158727,,,Unspecified,FALSE,FALSE,,,,,,,S104884534,,,,,,Sayornis phoebe,easpho,Species,17007,,3.67,3,,,
424521361,Audio,Eastern Phoebe,Sayornis phoebe,,,Jared Evans,3/12/22,2022,3,12,1350,United States,US-NC-183,North Carolina,Wake,Bass Lake Park & Trail,35.6381473,-78.8083899,Adult – 1,Call,Not Used,,,,,iPhone 12,iPhone 12,Recorded on Merlin App,,S104684688,,,,,,Sayornis phoebe,easpho,Species,17007,,3,2,,,
422903321,Audio,Eastern Phoebe,Sayornis phoebe,,,Aaron Edmonds,3/6/22,2022,3,6,1400,United States,US-NC-085,North Carolina,Harnett,River Field,35.3338183,-78.9342787,,,Unspecified,FALSE,FALSE,,,,,,,S104347767,,,,,,Sayornis phoebe,easpho,Species,17007,,3.5,2,,,
418989061,Audio,Eastern Phoebe,Sayornis phoebe,,,Dale Lambert,2/22/22,2022,2,22,614,United States,US-NC-183,North Carolina,Wake,Lake Wheeler marshes,35.7022234,-78.7274137,,,Unspecified,FALSE,FALSE,,,,,,,S103520000,,,,,Singing at 6:32 a.m.,Sayornis phoebe,easpho,Species,17007,,3,2,,,
418121481,Audio,Eastern Phoebe,Sayornis phoebe,,,kenneth lipshy,2/20/22,2022,2,20,856,United States,US-NC-159,North Carolina,Rowan,"Oddie Farms Sunflower Fields area: Oddie, Stokes Ferry and fish pond Roads",35.6170138,-80.3955737,,,Unspecified,FALSE,FALSE,,,,,,,S103204000,,,,,,Sayornis phoebe,easpho,Species,17007,,2.5,2,,,
417556321,Audio,Eastern Phoebe,Sayornis phoebe,,,Robert Russo,2/18/22,2022,2,18,750,United States,US-NC-003,North Carolina,Alexander,Rocky Face Mountain Recreational Area,35.9636786,-81.1192581,,,Unspecified,FALSE,FALSE,,,,,,,S102982256,,,,,,Sayornis phoebe,easpho,Species,17007,,4,2,,,
417030661,Audio,Eastern Phoebe,Sayornis phoebe,,,Greg Hudson,2/17/22,2022,2,17,1000,United States,US-NC-139,North Carolina,Pasquotank,Fun Junktion Park,36.239467,-76.268092,Adult – 1,Call,Unspecified,,,,,,,,,S102799604,,,,20 feet away on low tree branch. ,,Sayornis phoebe,easpho,Species,17007,,3,2,,,
414268471,Audio,Eastern Phoebe,Sayornis phoebe,,,Martin Wall,1/5/22,2022,1,5,707,United States,US-NC-157,North Carolina,Rockingham,Mebane Bridge Rd.,36.4731334,-79.7453356,,Call,Not Used,,,,,iPhone SE,,,,S100157300,,,,,,Sayornis phoebe,easpho,Species,17007,,3,2,,,
406555471,Audio,Eastern Phoebe,Sayornis phoebe,,,Christine Stoughton Root,12/2/21,2021,12,2,916,United States,US-NC-095,North Carolina,Hyde,Pocosin Lakes NWR--Pungo Unit (Observation Tower area),35.6932386,-76.5421343,,,Unspecified,FALSE,FALSE,,,,,,,S98358702,,,,,,Sayornis phoebe,easpho,Species,17007,,3,2,,,
400266861,Audio,Eastern Phoebe,Sayornis phoebe,,,Aaron Edmonds,12/28/21,2021,12,28,0,United States,US-NC-085,North Carolina,Harnett,River Field,35.3338183,-78.9342787,,,Unspecified,FALSE,FALSE,,,,,,,S99667966,,,,,,Sayornis phoebe,easpho,Species,17007,,2.5,2,,,
399067491,Audio,Eastern Phoebe,Sayornis phoebe,,,Alex Cruz Jr 🦤,12/25/21,2021,12,25,1440,United States,US-NC-021,North Carolina,Buncombe,Beaver Lake Bird Sanctuary,35.633465,-82.55752,,Call,Unspecified,,,,,iPhone 11,,,,S99418136,,,,,One in Ingles parking lot and other in Fresh Market.,Sayornis phoebe,easpho,Species,17007,,2,2,,,
388377321,Audio,Eastern Phoebe,Sayornis phoebe,,,Al Hooks,11/14/21,2021,11,14,1129,United States,US-NC-055,North Carolina,Dare,"US-NC-Dare--Beechland Rd, Stumpy Point US-NC 35.73164, -75.90966",35.731636,-75.909656,Adult – 1,Call,Not Used,,,,,,,,,S97587594,,,,,,Sayornis phoebe,easpho,Species,17007,,2.5,2,,,
388125081,Audio,Eastern Phoebe,Sayornis phoebe,,,Audrey Whitlock,11/14/21,2021,11,14,1129,United States,US-NC-055,North Carolina,Dare,"US-NC-Dare--Beechland Rd, Stumpy Point US-NC 35.73164, -75.90966",35.731636,-75.909656,,,Unspecified,FALSE,FALSE,,,,,,,S97597681,,,,,,Sayornis phoebe,easpho,Species,17007,,4,2,,,
380958241,Audio,Eastern Phoebe,Sayornis phoebe,,,Joe Donahue,10/19/21,2021,10,19,749,United States,US-NC-081,North Carolina,Guilford,Guilford County Farm/Howerton Rd. (Guilford Co.),36.1376494,-79.5522702,Unknown – 1,Song,Unspecified,,,,,,,,,S96426121,,,,,,Sayornis phoebe,easpho,Species,17007,,2,2,,,
380623271,Audio,Eastern Phoebe,Sayornis phoebe,,,Laura Mae,10/18/21,2021,10,18,703,United States,US-NC-053,North Carolina,Currituck,Currituck Heritage Park,36.3739667,-75.8328187,,,Unspecified,FALSE,FALSE,,,,,,,S96320043,,,,,,Sayornis phoebe,easpho,Species,17007,,5,2,,,
379197141,Audio,Eastern Phoebe,Sayornis phoebe,,,Karen Lebing,10/14/21,2021,10,14,1040,United States,US-NC-055,North Carolina,Dare,"Buffalo City Rd, Manns Harbor US-NC 35.86118, -75.91707",35.86118,-75.917066,,Call,Unspecified,,,,,iPhone,,,,S96112942,,,,,,Sayornis phoebe,easpho,Species,17007,,3,2,,,
379133051,Audio,Eastern Phoebe,Sayornis phoebe,,,Christine Stoughton Root,10/13/21,2021,10,13,909,United States,US-NC-137,North Carolina,Pamlico,"1042–1198 Callison Rd, Oriental US-NC 35.08330, -76.72982",35.083303,-76.72982,,,Unspecified,FALSE,FALSE,,,,,,,S96085351,,,,,Carolina Wren calling in firs media. American Crow calling in second,Sayornis phoebe,easpho,Species,17007,,2.67,3,,,
379131581,Audio,Eastern Phoebe,Sayornis phoebe,,,Christine Stoughton Root,10/13/21,2021,10,13,909,United States,US-NC-137,North Carolina,Pamlico,"1042–1198 Callison Rd, Oriental US-NC 35.08330, -76.72982",35.083303,-76.72982,,,Unspecified,FALSE,FALSE,,,,,,,S96085351,,,,,Carolina Wren calling in firs media. American Crow calling in second,Sayornis phoebe,easpho,Species,17007,,2.5,2,,,
373732521,Audio,Eastern Phoebe,Sayornis phoebe,,,Martin Wall,9/29/21,2021,9,29,642,United States,US-NC-157,North Carolina,Rockingham,Dan River Game Land--Woodpecker Rd.,36.44376,-79.79151,Unknown – 1,Call; Song,Not Used,,,,,,,,,S95341180,,,,,,Sayornis phoebe,easpho,Species,17007,,4,2,,,
373651601,Audio,Eastern Phoebe,Sayornis phoebe,,,David Pretzsch,9/29/21,2021,9,29,916,United States,US-NC-157,North Carolina,Rockingham,Haw River SP--The Summit,36.2525622,-79.7562146,Unknown – 1,,Not Used,,,,,Google 5a Merlin app Lexis editor to trim and amplify,,,,S95354706,,,,,,Sayornis phoebe,easpho,Species,17007,,2.33,3,,,
373215081,Audio,Eastern Phoebe,Sayornis phoebe,,,Martin Wall,9/26/21,2021,9,26,640,United States,US-NC-157,North Carolina,Rockingham,Dan River Game Land--Woodpecker Rd.,36.44376,-79.79151,Unknown – 2,Call,Not Used,,,,,iPhone SE,,,,S95199161,,,,,,Sayornis phoebe,easpho,Species,17007,,2.5,2,,,
373089001,Audio,Eastern Phoebe,Sayornis phoebe,,,Caleb Bronsink,9/27/21,2021,9,27,857,United States,US-NC-049,North Carolina,Craven,Martin Marietta Park (Former Quarry),35.135974,-77.07996,,,Unspecified,FALSE,FALSE,,,,,,,S95253619,,,,,,Sayornis phoebe,easpho,Species,17007,,3,2,,,
372636431,Audio,Eastern Phoebe,Sayornis phoebe,,,A J,9/25/21,2021,9,25,826,United States,US-NC-001,North Carolina,Alamance,"stakeout Black-bellied Whistling-Duck, Elon (2017)",36.093861,-79.497599,,Song,Unspecified,,,,,,,,,S95134251,,,,,,Sayornis phoebe,easpho,Species,17007,,3.5,2,,,
355255701,Audio,Eastern Phoebe,Sayornis phoebe,,,Caleb Bronsink,7/6/21,2021,7,6,1304,United States,US-NC-183,North Carolina,Wake,Shelley Lake,35.8597352,-78.6626673,Juvenile – 1,,Unspecified,FALSE,FALSE,,,,,,,S91355119,,,,,,Sayornis phoebe,easpho,Species,17007,,3.5,2,,,
355174971,Audio,Eastern Phoebe,Sayornis phoebe,,,LynnErla Beegle,7/15/21,2021,7,15,657,United States,US-NC-183,North Carolina,Wake,"NCBA NPB,  Lake Lynn Glenharden (35.881, -78.701)",35.8814659,-78.7007001,Immature – 1,Song,Not Used,,,,,,,,,S91775478,,,,Watched this young bird singing and making experimental noises. Parents were nearby. ,RFY recorded,Sayornis phoebe,easpho,Species,17007,,3,2,,,
346317931,Audio,Eastern Phoebe,Sayornis phoebe,,,Guy McGrane,6/5/21,2021,6,5,800,United States,US-NC-189,North Carolina,Watauga,Brookshire Park--Loop and Greenway,36.2240894,-81.6426766,,,Unspecified,FALSE,FALSE,,,,,,,S89665204,,,,,,Sayornis phoebe,easpho,Species,17007,,2.5,2,,,
337831981,Audio,Eastern Phoebe,Sayornis phoebe,,,Joe Donahue,5/13/21,2021,5,13,643,United States,US-NC-135,North Carolina,Orange,Brumley Nature Preserve--North,36.03391,-79.041909,Adult – 1,Song,Unspecified,,,,,iphone8,,,,S87979797,,,,,,Sayornis phoebe,easpho,Species,17007,,3.5,2,,,
337762161,Audio,Eastern Phoebe,Sayornis phoebe,Sturnus vulgaris -- European Starling; Cardinalis cardinalis -- Northern Cardinal,,Drew Beamer,4/15/21,2021,4,15,1010,United States,US-NC-119,North Carolina,Mecklenburg,Davidson College Ecological Preserve/Cross Country Trails,35.4990765,-80.8365226,,,Unspecified,FALSE,FALSE,,,,,,,S85597142,,,,,,Sayornis phoebe,easpho,Species,17007,,3,2,,,
335253371,Audio,Eastern Phoebe,Sayornis phoebe,Thryothorus ludovicianus -- Carolina Wren,,LynnErla Beegle,5/7/21,2021,5,7,1252,United States,US-NC-183,North Carolina,Wake,"NCBA NPB,  Lake Lynn Glenharden (35.881, -78.701)",35.8814659,-78.7007001,Adult – 1; Juvenile – 2,Call,Not Used,,,,,"Nikon CoolPix S7000, MOV to WAV via Convertio.co",,,,S87339253,,,,A nest of 2 or more Eastern Phoebes (not visible) under the elevated boardwalk of Lake Lynn. The nest is over water. The parent was singing nearby. Recorded at 12:50 EDT,"Nesting Under elevated boardwalk, above water, in at least three different places. Nest with young, and two other sites where nest-building was occurring",Sayornis phoebe,easpho,Species,17007,,3,2,,,
326036381,Audio,Eastern Phoebe,Sayornis phoebe,,,Kelly Krechmer,4/13/21,2021,4,13,506,United States,US-NC-009,North Carolina,Ashe,New River SP--US221 Access,36.4735,-81.337007,,,Unspecified,FALSE,FALSE,,,,,,,S85478224,,,,,Chase,Sayornis phoebe,easpho,Species,17007,,4,2,,,
319218121,Audio,Eastern Phoebe,Sayornis phoebe,,,Kent Fiala,3/23/21,2021,3,23,823,United States,US-NC-063,North Carolina,Durham,Sandy Creek Park,35.9681599,-78.9675164,Adult Male – 1,Song,Not Used,,,,,Tascam DR-100MkIII,Sennheiser ME 67/K6,,,S83945586,,,,,,Sayornis phoebe,easpho,Species,17007,,4,2,,,
317711991,Audio,Eastern Phoebe,Sayornis phoebe,,,Lynette Spence,3/18/21,2021,3,18,806,United States,US-NC-055,North Carolina,Dare,Nags Head Woods Ecological Preserve,35.9894485,-75.6655669,,,Unspecified,FALSE,FALSE,,,,,,,S83608749,,,,,,Sayornis phoebe,easpho,Species,17007,,4.5,2,,,
315582221,Audio,Eastern Phoebe,Sayornis phoebe,,,stephen pattee,3/10/21,2021,3,10,606,United States,US-NC-141,North Carolina,Pender,Whitehall Plantation Game Land--Long Ridge Tract,34.564721,-78.190166,,,Unspecified,FALSE,FALSE,,,,,,,S83170756,,,,,,Sayornis phoebe,easpho,Species,17007,,3.67,3,,,
315359121,Audio,Eastern Phoebe,Sayornis phoebe,,,Guy McGrane,3/9/21,2021,3,9,1154,United States,US-NC-193,North Carolina,Wilkes,Doc Pruitt Homeplace,36.3154709,-81.2400341,,,Unspecified,FALSE,FALSE,,,,,,,S83081730,,,,,,Sayornis phoebe,easpho,Species,17007,,4.5,2,,,
297898441,Audio,Eastern Phoebe,Sayornis phoebe,,,Noah Rokoske,1/5/21,2021,1,5,943,United States,US-NC-063,North Carolina,Durham,Pierce Woods and Pond,35.9852,-78.9351,,,Unspecified,FALSE,FALSE,,,,,,,S78711551,,,,,,Sayornis phoebe,easpho,Species,17007,,2,2,,,
291845601,Audio,Eastern Phoebe,Sayornis phoebe,,,Noah Rokoske,12/28/20,2020,12,28,751,United States,US-NC-063,North Carolina,Durham,Flat River Waterfowl Impoundment,36.127421,-78.8321335,,,Unspecified,FALSE,FALSE,,,,,,,S78144464,,,,,,Sayornis phoebe,easpho,Species,17007,,3.5,2,,,
287833931,Audio,Eastern Phoebe,Sayornis phoebe,,,Trevor Sleight,11/14/20,2020,11,14,743,United States,US-NC-013,North Carolina,Beaufort,"West Rd, Aurora",35.279796,-76.836723,,,Unspecified,FALSE,FALSE,,,,,,,S76232189,,,,,,Sayornis phoebe,easpho,Species,17007,,3.5,2,,,
279203041,Audio,Eastern Phoebe,Sayornis phoebe,,,Aaron Edmonds,11/11/20,2020,11,11,0,United States,US-NC-085,North Carolina,Harnett,River Field,35.3338183,-78.9342787,,,Unspecified,FALSE,FALSE,,,,,,,S76127413,,,,,,Sayornis phoebe,easpho,Species,17007,,3,2,,,
276525611,Audio,Eastern Phoebe,Sayornis phoebe,,,Christine Stoughton Root,11/1/20,2020,11,1,826,United States,US-NC-137,North Carolina,Pamlico,Timber Point,35.1334921,-76.6919518,,,Unspecified,FALSE,FALSE,,,,,,,S75681953,,,,,,Sayornis phoebe,easpho,Species,17007,,3.33,3,,,
272659351,Audio,Eastern Phoebe,Sayornis phoebe,,,Steven Howell,10/18/20,2020,10,18,700,United States,US-NC-031,North Carolina,Carteret,North River Farms (permission required),34.7672108,-76.5368986,,,Unspecified,FALSE,FALSE,,,,,,,S75096990,,,,,,Sayornis phoebe,easpho,Species,17007,,3.5,2,,,
269258431,Audio,Eastern Phoebe,Sayornis phoebe,,,Joe Donahue,10/7/20,2020,10,7,923,United States,US-NC-081,North Carolina,Guilford,Guilford County Farm/Howerton Rd. (Guilford Co.),36.1376494,-79.5522702,,,Unspecified,FALSE,FALSE,,,,,,,S74526840,,,,,,Sayornis phoebe,easpho,Species,17007,,1.5,2,,,
268348821,Audio,Eastern Phoebe,Sayornis phoebe,Buteo lineatus -- Red-shouldered Hawk; Cyanocitta cristata -- Blue Jay,,Will Bennett,10/4/20,2020,10,4,924,United States,US-NC-063,North Carolina,Durham,Flat River Waterfowl Impoundment,36.127421,-78.8321335,,,Not Used,,,,,Olympus DS-40,,,,S74408517,,,,,,Sayornis phoebe,easpho,Species,17007,,3.5,2,,,
267325481,Audio,Eastern Phoebe,Sayornis phoebe,,,Matt Lawing,10/1/20,2020,10,1,715,United States,US-NC-063,North Carolina,Durham,Sandy Creek Park,35.9681599,-78.9675164,,,Unspecified,FALSE,FALSE,,,,,,,S74270747,,,,,,Sayornis phoebe,easpho,Species,17007,,4,2,,,
265127641,Audio,Eastern Phoebe,Sayornis phoebe,,,Kent Fiala,9/23/20,2020,9,23,744,United States,US-NC-063,North Carolina,Durham,Sandy Creek Park,35.9681599,-78.9675164,Unknown – 1,,Not Used,,,,,Tascam DR-100MkIII ,Sennheiser ME 67/K6,,,S73960267,,,,,,Sayornis phoebe,easpho,Species,17007,,3.5,2,,,
260877221,Audio,Eastern Phoebe,Sayornis phoebe,,,Will Bennett,4/16/20,2020,4,16,0,United States,US-NC-063,North Carolina,Durham,Rivermont Road,36.0565321,-78.969743,,Song,Not Used,,,,,Canon EOS Rebel T7i,,,,S67299537,,,,,,Sayornis phoebe,easpho,Species,17007,,4.33,3,,,
232128501,Audio,Eastern Phoebe,Sayornis phoebe,Vireo olivaceus -- Red-eyed Vireo,,Art Webster,5/3/20,2020,5,3,1430,United States,US-NC-111,North Carolina,McDowell,"Nebo, North Carolina, US (35.756, -81.975)",35.7559915,-81.9747718,Adult – 1,Call,Not Used,,,,,Samsung Galaxy S8,,,,S68348188,,,,Phoebe was calling from a perch on a branch of a shrub over Black Bear Creek in the Pisgah Game Land. A red-eyed vireo was singing and foraging in a nearby tree.,,Sayornis phoebe,easpho,Species,17007,,3.5,2,,,
230073881,Audio,Eastern Phoebe,Sayornis phoebe,,,Seth Buddy,5/3/20,2020,5,3,659,United States,US-NC-021,North Carolina,Buncombe,Blue Ridge Pkwy--Bull Gap,35.6666756,-82.4633038,Adult Male – 1,Foraging or Eating; Song,Not Used,,,,,Tascam DR-100MKIII,Wildtronics Pro Mono,"Wildtronics 22"" parabola; windcreen",,S68311527,,,,EAPH was sally feeding around a stone outcropping.,,Sayornis phoebe,easpho,Species,17007,,3.5,2,,,
221313211,Audio,Eastern Phoebe,Sayornis phoebe,Vireo olivaceus -- Red-eyed Vireo; Spinus tristis -- American Goldfinch,,Martin Wall,4/5/20,2020,4,5,815,United States,US-NC-157,North Carolina,Rockingham,Mayo River SP--Deshazo Rd. Tract,36.5404651,-79.9825926,,,Not Used,,,,,iPhone 5s,,,,S66668429,,,,,,Sayornis phoebe,easpho,Species,17007,,3,4,,,
219411891,Audio,Eastern Phoebe,Sayornis phoebe,,,Martin Wall,3/29/20,2020,3,29,823,United States,US-NC-157,North Carolina,Rockingham,Rockingham - Old Anglin Loop,36.5292038,-79.987993,,,Not Used,,,,,iPhone 5s,,,,S66361710,,,,,,Sayornis phoebe,easpho,Species,17007,,3.33,3,,,
210334441,Audio,Eastern Phoebe,Sayornis phoebe,Corvus brachyrhynchos -- American Crow; Pipilo erythrophthalmus -- Eastern Towhee; Cardinalis cardinalis -- Northern Cardinal; Baeolophus bicolor -- Tufted Titmouse; Melospiza melodia -- Song Sparrow; Sitta carolinensis -- White-breasted Nuthatch; Quiscalus quiscula -- Common Grackle,,Martin Wall,2/17/20,2020,2,17,636,United States,US-NC-157,North Carolina,Rockingham,Rockingham - Local Rd & Victory Hill Rd,36.4954235,-80.0250149,,Song,Not Used,,,,,iPhone 5s,,,,S64640116,,,,,,Sayornis phoebe,easpho,Species,17007,,2.5,2,,,
207732371,Audio,Eastern Phoebe,Sayornis phoebe,Spinus tristis -- American Goldfinch; Junco hyemalis -- Dark-eyed Junco,,Martin Wall,12/5/19,2019,12,5,716,United States,US-NC-157,North Carolina,Rockingham,Farris Memorial Park,36.4320214,-79.9926889,Unknown – 1,Call,Not Used,,,,,iPhone 5s,,,,S61993528,,,,,,Sayornis phoebe,easpho,Species,17007,,2.5,2,,,
195394071,Audio,Eastern Phoebe,Sayornis phoebe,Thryothorus ludovicianus -- Carolina Wren,,Martin Wall,12/15/19,2019,12,15,1009,United States,US-NC-031,North Carolina,Carteret,Carteret - Temple Farm (Permission Required),34.8252888,-76.6513538,,Call,Not Used,,,,,iPhone 5s,,,,S62335122,,,,,,Sayornis phoebe,easpho,Species,17007,,3.5,2,,,
192454701,Audio,Eastern Phoebe,Sayornis phoebe,,,sheryl mcnair,12/10/19,2019,12,10,1011,United States,US-NC-137,North Carolina,Pamlico,Bent Tree/Straight/White Farm,35.0534323,-76.6839802,,,Unspecified,FALSE,FALSE,,,,,,,S62200793,,,,starts singing about 4-5 seconds in,,Sayornis phoebe,easpho,Species,17007,,2.33,3,,,
183125491,Audio,Eastern Phoebe,Sayornis phoebe,,,Seth Buddy,10/20/19,2019,10,20,820,United States,US-NC-021,North Carolina,Buncombe,Asheville School,35.5646095,-82.6238863,Adult Male – 1,Song,Not Used,,,,,iPhone 7,,,,S60783091,,,,,"This EAPH was originally on the roof of a barn singing his heart out.  He flew down to a wire about 5 feet off the ground,  continued singing, and let me get very close.",Sayornis phoebe,easpho,Species,17007,,3.33,3,,,
179739731,Audio,Eastern Phoebe,Sayornis phoebe,,,LynnErla Beegle,9/30/19,2019,9,30,705,United States,US-NC-183,North Carolina,Wake,Lake Lynn,35.8820127,-78.7001324,,,Unspecified,FALSE,FALSE,,,,,,,S60231070,,,,,,Sayornis phoebe,easpho,Species,17007,,4,4,,,
166287431,Audio,Eastern Phoebe,Sayornis phoebe,,,Paula Caycedo,6/22/19,2019,6,22,640,United States,US-NC-173,North Carolina,Swain,"226 Fontana Loop North, Bryson City, North Carolina, US (35.394, -83.565)",35.3938848,-83.5648602,,Call,Not Used,,,,,Marantz PMD661,Senheisser MKH20,Parabola Telinga Pro,,S57795902,,,,,,Sayornis phoebe,easpho,Species,17007,,4,3,,,
166287401,Audio,Eastern Phoebe,Sayornis phoebe,,,Paula Caycedo,6/22/19,2019,6,22,640,United States,US-NC-173,North Carolina,Swain,"226 Fontana Loop North, Bryson City, North Carolina, US (35.394, -83.565)",35.3938848,-83.5648602,,Song,Not Used,,,,,Marantz PMD661,Senheisser MKH20,Parabola Telinga Pro,,S57795902,,,,,,Sayornis phoebe,easpho,Species,17007,,4.33,3,,,
164770991,Audio,Eastern Phoebe,Sayornis phoebe,,,Martin Wall,6/16/19,2019,6,16,639,United States,US-NC-157,North Carolina,Rockingham,Farris Memorial Park,36.4320214,-79.9926889,,Call; Song,Not Used,,,,,iPhone 5s,,,,S57418630,,,,,,Sayornis phoebe,easpho,Species,17007,,4,3,,,
150243871,Audio,Eastern Phoebe,Sayornis phoebe,,,Martin Wall,4/10/19,2019,4,10,626,United States,US-NC-157,North Carolina,Rockingham,Mayo River SP--Deshazo Rd. Tract,36.5404651,-79.9825926,Adult,Call,Not Used,,,,,Zoom H1,,,,S54777192,,,,,,Sayornis phoebe,easpho,Species,17007,,3,3,,,
149888641,Audio,Eastern Phoebe,Sayornis phoebe,,,Martin Wall,3/11/19,2019,3,11,707,United States,US-NC-157,North Carolina,Rockingham,Rockingham - Local Rd & Victory Hill Rd,36.4954235,-80.0250149,,Song,Not Used,,,,,Zoom H1,,,,S53701206,,,,,,Sayornis phoebe,easpho,Species,17007,,3.67,3,,,
146824421,Audio,Eastern Phoebe,Sayornis phoebe,,,Martin Wall,3/23/19,2019,3,23,650,United States,US-NC-157,North Carolina,Rockingham,Rockingham - Local Rd & Victory Hill Rd,36.4954235,-80.0250149,Adult,Song,Not Used,,,,,Zoom H1,,,,S54127921,,,,"Also heard: Carolina Wren, Brown Thrasher, Eastern Towhee",,Sayornis phoebe,easpho,Species,17007,,3.33,3,,,
145316711,Audio,Eastern Phoebe,Sayornis phoebe,,,Guy McGrane,3/14/19,2019,3,14,0,United States,US-NC-193,North Carolina,Wilkes,Doc Pruitt Homeplace,36.3154709,-81.2400341,,,Unspecified,FALSE,FALSE,,,,,,,S53809152,,,,,,Sayornis phoebe,easpho,Species,17007,,4.25,4,,,
145316691,Audio,Eastern Phoebe,Sayornis phoebe,,,Guy McGrane,3/14/19,2019,3,14,0,United States,US-NC-193,North Carolina,Wilkes,Doc Pruitt Homeplace,36.3154709,-81.2400341,,,Unspecified,FALSE,FALSE,,,,,,,S53809152,,,,,,Sayornis phoebe,easpho,Species,17007,,3,3,,,
139257341,Audio,Eastern Phoebe,Sayornis phoebe,,,Martin Wall,1/23/19,2019,1,23,726,United States,US-NC-157,North Carolina,Rockingham,Mebane Bridge Rd.,36.4731334,-79.7453356,Adult,Call,Not Used,,,,,iPhone 5s,,,,S51959801,,,,,,Sayornis phoebe,easpho,Species,17007,,3.33,3,,,
127082111,Audio,Eastern Phoebe,Sayornis phoebe,,,LynnErla Beegle,12/3/18,2018,12,3,700,United States,US-NC-183,North Carolina,Wake,Lake Lynn,35.8820127,-78.7001324,Adult,Song,Not Used,,,,,Nikon CoolPix S7000 - MOV file converted to WAV by convertio.co,,,,S50388167,,,,"Flew across lake after Beegle played a recording of EAPH, landed at the top of a tall hardwood and began singing and calling. Recorded at 07:22 EST",,Sayornis phoebe,easpho,Species,17007,,4.25,4,,,
119379811,Audio,Eastern Phoebe,Sayornis phoebe,,,Christine Stoughton Root,10/17/18,2018,10,17,1523,United States,US-NC-055,North Carolina,Dare,Nags Head Woods Ecological Preserve,35.9894485,-75.6655669,Adult,Song,Unspecified,,,,,,,,,S49261413,,,,,,Sayornis phoebe,easpho,Species,17007,,3.67,3,,,
117290421,Audio,Eastern Phoebe,Sayornis phoebe,,,LynnErla Beegle,10/3/18,2018,10,3,650,United States,US-NC-183,North Carolina,Wake,Lake Lynn,35.8820127,-78.7001324,,Song,Not Used,,,,,"Nikon CoolPix S7000, MOV converted to WAV by Convertio web site",,,,S48907037,,,,"Background sounds include insects, CHSW flock, CAGO flock. Recorded 7:15 AM EDT",,Sayornis phoebe,easpho,Species,17007,,4,3,,,
116890661,Audio,Eastern Phoebe,Sayornis phoebe,,,LynnErla Beegle,9/19/18,2018,9,19,1630,United States,US-NC-183,North Carolina,Wake,William B. Umstead SP--Big Lake,35.8737579,-78.7671995,,Call,Not Used,,,,,Nikon CoolPix S7000 - MOV file converted to WAV by zamzar,,,,S48617827,,,,,,Sayornis phoebe,easpho,Species,17007,,3.33,3,,,
94418791,Audio,Eastern Phoebe,Sayornis phoebe,,,Seth Buddy,4/14/18,2018,4,14,629,United States,US-NC-089,North Carolina,Henderson,Trace Ridge,35.407046,-82.643729,Adult Male,Song,Not Used,,,,,Roland r-05,Sennheiser ME-66,,,S44555618,,,,"Location: 35.420425, -82.656715 Trace Ridge Trailhead parking lot. 7:21am.  Bird was on a bare branch of a small deciduous sapling amongst young White Pine.  Occasional feeding flights made during recording, but returned to sing at the same branch.",,Sayornis phoebe,easpho,Species,17007,,3.67,3,,,
92897981,Audio,Eastern Phoebe,Sayornis phoebe,,,Martin Wall,4/4/18,2018,4,4,651,United States,US-NC-157,North Carolina,Rockingham,Mayo River SP--Deshazo Rd. Tract,36.5404651,-79.9825926,Adult Male,Song,Not Used,,,,,iPhone 5s,,,,S44243547,,,,a little light rain in the background,,Sayornis phoebe,easpho,Species,17007,,3.67,3,,,
77698671,Audio,Eastern Phoebe,Sayornis phoebe,,,Linda Greble 🦜,12/7/17,2017,12,7,814,United States,US-NC-123,North Carolina,Montgomery,Lake Tillery Hydroelectric Plant/Clarks Creek Access (Montgomery Co.),35.2021081,-80.0608513,,,Unspecified,FALSE,FALSE,,,,,,,S40954804,,,,,,Sayornis phoebe,easpho,Species,17007,,3.33,3,,,
76977181,Audio,Eastern Phoebe,Sayornis phoebe,,,Mark R Johnson,11/30/17,2017,11,30,632,United States,US-NC-055,North Carolina,Dare,Alligator River NWR,35.864075,-75.86201,,Call,Not Used,,,,,Canon EOS 7D Mark2 camera,,,,S40830412,,,,,,Sayornis phoebe,easpho,Species,17007,,3.33,3,,,
73037511,Audio,Eastern Phoebe,Sayornis phoebe,,,sheryl mcnair,10/25/17,2017,10,25,1030,United States,US-NC-137,North Carolina,Pamlico,Oriental Water Treatment,35.0458875,-76.6862118,,Call,Not Used,,,,,,,,,S40118850,,,,People talking. Phoebe chipping,,Sayornis phoebe,easpho,Species,17007,,1.33,3,,,
72957281,Audio,Eastern Phoebe,Sayornis phoebe,,,sheryl mcnair,10/23/17,2017,10,23,932,United States,US-NC-137,North Carolina,Pamlico,Bent Tree/Straight/White Farm,35.0534323,-76.6839802,,Song,Not Used,,,,,iphone 5s,,,,S40083837,,,,,,Sayornis phoebe,easpho,Species,17007,,4,3,,,
72092681,Audio,Eastern Phoebe,Sayornis phoebe,,,LynnErla Beegle,10/16/17,2017,10,16,710,United States,US-NC-183,North Carolina,Wake,Lake Lynn,35.8820127,-78.7001324,Adult,Song,Not Used,,,,,Nikon CoolPix S7000 - MOV file converted to mp3,,,,S39955712,,,,"Typical ""Feebee"" call, at a distance, lot of noise",,Sayornis phoebe,easpho,Species,17007,,3,4,,,
69498471,Audio,Eastern Phoebe,Sayornis phoebe,,,LynnErla Beegle,9/17/17,2017,9,17,830,United States,US-NC-183,North Carolina,Wake,Baileywick Road Park,35.9067798,-78.6684001,,Song,Not Used,,,,,Nikon CoolPix S7000 - MOV file converted to mp3,,,,S39226903,,,,"Same EAPH as ML69498431. Closer recording,  but more interference from human noises",,Sayornis phoebe,easpho,Species,17007,,3.67,3,,,
69498431,Audio,Eastern Phoebe,Sayornis phoebe,,,LynnErla Beegle,9/17/17,2017,9,17,830,United States,US-NC-183,North Carolina,Wake,Baileywick Road Park,35.9067798,-78.6684001,,Song,Not Used,,,,,Nikon CoolPix S7000 - MOV file converted to mp3,,,,S39226903,,,,"Same EAPH as ML69498471. Not as close as other recording, but this one has less background noise",,Sayornis phoebe,easpho,Species,17007,,3,3,,,
58734571,Audio,Eastern Phoebe,Sayornis phoebe,,,Martin Wall,4/9/17,2017,4,9,556,United States,US-NC-157,North Carolina,Rockingham,Mayo River SP--Deshazo Rd. Tract,36.5404651,-79.9825926,Adult Male,Song,Not Used,,,,,iPhone 5s,,,,S35808436,,,,,,Sayornis phoebe,easpho,Species,17007,,4.33,3,,,
58158551,Audio,Eastern Phoebe,Sayornis phoebe,,,Kirk Gardner,5/15/17,2017,5,15,942,United States,US-NC-087,North Carolina,Haywood,Max Patch Rd.,35.7025615,-82.9301476,Adult,Song,Not Used,,,,,LG V10 CELL PHONE,,,,S36875567,,,,,,Sayornis phoebe,easpho,Species,17007,,1.75,4,,,
52901601,Audio,Eastern Phoebe,Sayornis phoebe,,,Aaron Steed,3/30/17,2017,3,30,822,United States,US-NC-021,North Carolina,Buncombe,Pisgah NF--Bent Creek,35.4998102,-82.6391602,Adult,Call,Not Used,,,,,iPhone 5 SE,,,,S35534302,,,,,,Sayornis phoebe,easpho,Species,17007,,3,4,,,
51573641,Audio,Eastern Phoebe,Sayornis phoebe,,,Mike Stewart 🦅,3/18/17,2017,3,18,1340,United States,US-NC-051,North Carolina,Cumberland,Carvers Creek SP--Long Valley Farm,35.2064291,-78.9777153,,,Unspecified,FALSE,FALSE,,,,,,,S35262623,,,,,,Sayornis phoebe,easpho,Species,17007,,2.67,3,,,
50063031,Audio,Eastern Phoebe,Sayornis phoebe,,,Steve Semanchuk,3/1/17,2017,3,1,733,United States,US-NC-021,North Carolina,Buncombe,40 Flack Valley Road,35.7096008,-82.6052141,Adult,Song,Not Used,,,,,iPhone 6,,,,S34892746,,,,,,Sayornis phoebe,easpho,Species,17007,,3.67,3,,,
25889701,Audio,Eastern Phoebe,Sayornis phoebe,,,Martin Wall,3/19/16,2016,3,19,606,United States,US-NC-157,North Carolina,Rockingham,Mayo River SP--Deshazo Rd. Tract,36.5404651,-79.9825926,Adult,,Not Used,,,,,iPhone 5s,Azden SMX-10,Rode Rec App & Raven Lite Software,,S28420426,,,,,,Sayornis phoebe,easpho,Species,17007,,3.67,3,,,